{"cameraMode":{"drawMode":0,"name":"Shaded","section":"Shading Mode"},"sceneLighting":false,"audioPlay":false,"sceneViewState":{"showFog":true,"showMaterialUpdate":false,"showSkybox":false,"showFlares":true,"showImageEffects":true,"showParticleSystems":true},"in2DMode":false,"pivot":{"x":-0.05174282193183899,"y":-0.6368669271469116,"z":-0.9078552722930908},"rotation":{"x":0.22726371884346009,"y":-0.04390304535627365,"z":0.010265680961310864,"w":0.9728133082389832},"size":1.8005657196044922,"orthographic":false}