{"cameraMode":{"drawMode":0,"name":"Shaded","section":"Shading Mode"},"sceneLighting":false,"audioPlay":false,"sceneViewState":{"showFog":true,"showMaterialUpdate":false,"showSkybox":false,"showFlares":true,"showImageEffects":true,"showParticleSystems":true},"in2DMode":false,"pivot":{"x":-0.14500877261161805,"y":1.6225945949554444,"z":1.681104302406311},"rotation":{"x":-0.5207420587539673,"y":-0.014857064932584763,"z":0.009061211720108986,"w":-0.8535420894622803},"size":-0.44289499521255495,"orthographic":false}