{"cameraMode":{"drawMode":0,"name":"Shaded","section":"Shading Mode"},"sceneLighting":false,"audioPlay":false,"sceneViewState":{"showFog":true,"showMaterialUpdate":false,"showSkybox":false,"showFlares":true,"showImageEffects":true,"showParticleSystems":true},"in2DMode":false,"pivot":{"x":0.2029999941587448,"y":1.4641029834747315,"z":1.9550000429153443},"rotation":{"x":0.238779678940773,"y":-0.27326667308807375,"z":0.0701397955417633,"w":0.9292335510253906},"size":0.3665727376937866,"orthographic":false}