{"cameraMode":{"drawMode":0,"name":"Shaded","section":"Shading Mode"},"sceneLighting":false,"audioPlay":false,"sceneViewState":{"showFog":true,"showMaterialUpdate":false,"showSkybox":false,"showFlares":true,"showImageEffects":true,"showParticleSystems":true},"in2DMode":false,"pivot":{"x":0.13631367683410645,"y":1.846893072128296,"z":0.7344465255737305},"rotation":{"x":-0.22045691311359406,"y":0.015212032943964005,"z":-0.00344118382781744,"w":-0.9752766489982605},"size":-1.0682094097137452,"orthographic":false}