{"cameraMode":{"drawMode":0,"name":"Shaded","section":"Shading Mode"},"sceneLighting":false,"audioPlay":false,"sceneViewState":{"showFog":true,"showMaterialUpdate":false,"showSkybox":false,"showFlares":true,"showImageEffects":true,"showParticleSystems":true},"in2DMode":false,"pivot":{"x":0.12216324359178543,"y":1.1546380519866944,"z":1.7064118385314942},"rotation":{"x":-0.5207420587539673,"y":-0.014857064932584763,"z":0.009061211720108986,"w":-0.8535420894622803},"size":0.8820907473564148,"orthographic":false}