{"cameraMode":{"drawMode":0,"name":"Shaded","section":"Shading Mode"},"sceneLighting":false,"audioPlay":false,"sceneViewState":{"showFog":true,"showMaterialUpdate":false,"showSkybox":false,"showFlares":true,"showImageEffects":true,"showParticleSystems":true},"in2DMode":false,"pivot":{"x":-0.0004498697817325592,"y":0.0628470778465271,"z":0.000026006251573562622},"rotation":{"x":0.15879295766353608,"y":0.021698832511901857,"z":-0.0037883110344409944,"w":0.9871468544006348},"size":0.29057568311691286,"orthographic":false}