{"cameraMode":{"drawMode":0,"name":"Shaded","section":"Shading Mode"},"sceneLighting":false,"audioPlay":false,"sceneViewState":{"showFog":true,"showMaterialUpdate":false,"showSkybox":false,"showFlares":true,"showImageEffects":true,"showParticleSystems":true},"in2DMode":false,"pivot":{"x":-0.015839017927646638,"y":0.002071201801300049,"z":0.07812409102916718},"rotation":{"x":-0.39100533723831179,"y":-0.24067075550556184,"z":0.1067013069987297,"w":-0.881934404373169},"size":0.283858060836792,"orthographic":false}