{"cameraMode":{"drawMode":0,"name":"Shaded","section":"Shading Mode"},"sceneLighting":false,"audioPlay":false,"sceneViewState":{"showFog":true,"showMaterialUpdate":false,"showSkybox":false,"showFlares":true,"showImageEffects":true,"showParticleSystems":true},"in2DMode":false,"pivot":{"x":-0.10000000894069672,"y":1.1616647243499756,"z":1.6050000190734864},"rotation":{"x":-0.18641673028469087,"y":-0.35422882437705996,"z":0.07233507931232453,"w":-0.9135600328445435},"size":0.4377869665622711,"orthographic":false}