{"cameraMode":{"drawMode":0,"name":"Shaded","section":"Shading Mode"},"sceneLighting":false,"audioPlay":false,"sceneViewState":{"showFog":true,"showMaterialUpdate":false,"showSkybox":false,"showFlares":true,"showImageEffects":true,"showParticleSystems":true},"in2DMode":false,"pivot":{"x":-245.18380737304688,"y":3.275458574295044,"z":-18.209800720214845},"rotation":{"x":-0.1313123106956482,"y":-0.44172027707099917,"z":0.06558975577354431,"w":-0.8850929737091065},"size":7.171584129333496,"orthographic":false}