{"cameraMode":{"drawMode":0,"name":"Shaded","section":"Shading Mode"},"sceneLighting":false,"audioPlay":false,"sceneViewState":{"showFog":true,"showMaterialUpdate":false,"showSkybox":false,"showFlares":true,"showImageEffects":true,"showParticleSystems":true},"in2DMode":false,"pivot":{"x":0.05104523152112961,"y":1.4340012073516846,"z":2.0120978355407717},"rotation":{"x":0.12406324595212937,"y":-0.28830432891845705,"z":0.037615079432725909,"w":0.948767364025116},"size":0.3691585958003998,"orthographic":false}