{"cameraMode":{"drawMode":0,"name":"Shaded","section":"Shading Mode"},"sceneLighting":false,"audioPlay":false,"sceneViewState":{"showFog":true,"showMaterialUpdate":false,"showSkybox":false,"showFlares":true,"showImageEffects":true,"showParticleSystems":true},"in2DMode":false,"pivot":{"x":-0.013830330222845078,"y":1.0845073461532593,"z":1.0410000085830689},"rotation":{"x":0.228480264544487,"y":0.23808181285858155,"z":-0.0577351339161396,"w":0.9422255158424377},"size":0.2721620500087738,"orthographic":false}