{"cameraMode":{"drawMode":0,"name":"Shaded","section":"Shading Mode"},"sceneLighting":false,"audioPlay":false,"sceneViewState":{"showFog":true,"showMaterialUpdate":false,"showSkybox":false,"showFlares":true,"showImageEffects":true,"showParticleSystems":true},"in2DMode":false,"pivot":{"x":-6.92903995513916e-7,"y":0.008293889462947846,"z":-0.0000025406479835510256},"rotation":{"x":-0.19248148798942567,"y":-0.03473254293203354,"z":0.006840497255325317,"w":-0.9806815981864929},"size":0.4074406623840332,"orthographic":false}