{"cameraMode":{"drawMode":0,"name":"Shaded","section":"Shading Mode"},"sceneLighting":false,"audioPlay":false,"sceneViewState":{"showFog":true,"showMaterialUpdate":false,"showSkybox":false,"showFlares":true,"showImageEffects":true,"showParticleSystems":true},"in2DMode":false,"pivot":{"x":0.7198550701141357,"y":1.845468282699585,"z":2.1551547050476076},"rotation":{"x":-0.5443649888038635,"y":-0.06852823495864868,"z":0.04468994960188866,"w":-0.8348617553710938},"size":1.335949182510376,"orthographic":false}