{"cameraMode":{"drawMode":0,"name":"Shaded","section":"Shading Mode"},"sceneLighting":false,"audioPlay":false,"sceneViewState":{"showFog":true,"showMaterialUpdate":false,"showSkybox":false,"showFlares":true,"showImageEffects":true,"showParticleSystems":true},"in2DMode":false,"pivot":{"x":-4.1028523445129398,"y":3.3125524520874025,"z":-168.2144775390625},"rotation":{"x":-0.22082510590553285,"y":0.09841994196176529,"z":-0.022341301664710046,"w":-0.9701047539710999},"size":0.457730233669281,"orthographic":false}