{"cameraMode":{"drawMode":0,"name":"Shaded","section":"Shading Mode"},"sceneLighting":false,"audioPlay":false,"sceneViewState":{"showFog":true,"showMaterialUpdate":false,"showSkybox":false,"showFlares":true,"showImageEffects":true,"showParticleSystems":true},"in2DMode":false,"pivot":{"x":-3.387605667114258,"y":0.2790660262107849,"z":-0.5438080430030823},"rotation":{"x":-0.3576304018497467,"y":0.020649362355470659,"z":-0.007844795472919941,"w":-0.9336386322975159},"size":7.31795597076416,"orthographic":false}