{"cameraMode":{"drawMode":0,"name":"Shaded","section":"Shading Mode"},"sceneLighting":false,"audioPlay":false,"sceneViewState":{"showFog":true,"showMaterialUpdate":false,"showSkybox":false,"showFlares":true,"showImageEffects":true,"showParticleSystems":true},"in2DMode":false,"pivot":{"x":0.2770000100135803,"y":1.1600285768508912,"z":1.5850000381469727},"rotation":{"x":-0.18341274559497834,"y":-0.1375219225883484,"z":0.02592317946255207,"w":-0.9730338454246521},"size":0.37623822689056399,"orthographic":false}