{"cameraMode":{"drawMode":0,"name":"Shaded","section":"Shading Mode"},"sceneLighting":false,"audioPlay":false,"sceneViewState":{"showFog":true,"showMaterialUpdate":false,"showSkybox":false,"showFlares":true,"showImageEffects":true,"showParticleSystems":true},"in2DMode":false,"pivot":{"x":0.005204130429774523,"y":-0.06378673762083054,"z":0.02419256791472435},"rotation":{"x":-0.4846174716949463,"y":-0.2929040193557739,"z":0.17629830539226533,"w":-0.8051577806472778},"size":0.16278332471847535,"orthographic":false}