{"cameraMode":{"drawMode":0,"name":"Shaded","section":"Shading Mode"},"sceneLighting":false,"audioPlay":false,"sceneViewState":{"showFog":true,"showMaterialUpdate":false,"showSkybox":false,"showFlares":true,"showImageEffects":true,"showParticleSystems":true},"in2DMode":false,"pivot":{"x":-0.0010279305279254914,"y":0.012935921549797058,"z":0.0005261264741420746},"rotation":{"x":-0.12239721417427063,"y":-0.3940591812133789,"z":0.05309061333537102,"w":-0.9093825221061707},"size":0.4152287542819977,"orthographic":false}